,Académie1,Académie2,Nom,long1,lat1,long2,lat2
0,Aix-Marseille,Aix-Marseille,193,5.78670262752716,44.1013135062133,5.78670262752716,44.1013135062133
1,Aix-Marseille,Amiens,4,5.78670262752716,44.1013135062133,2.80988336305548,49.6427828856657
2,Aix-Marseille,Besançon,3,5.78670262752716,44.1013135062133,6.08505867651095,47.2052520408286
3,Aix-Marseille,Bordeaux,19,5.78670262752716,44.1013135062133,-0.237254828250716,44.3490665017138
4,Aix-Marseille,Caen,4,5.78670262752716,44.1013135062133,-1.16078801480811,49.0701835878103
5,Aix-Marseille,Clermont-Ferrand,6,5.78670262752716,44.1013135062133,3.17719123835589,45.6515024165177
6,Aix-Marseille,Créteil,3,5.78670262752716,44.1013135062133,2.89911093403961,48.6431535988442
7,Aix-Marseille,Dijon,6,5.78670262752716,44.1013135062133,4.1535164667448,47.2450441075065
8,Aix-Marseille,Grenoble,2,5.78670262752716,44.1013135062133,5.5867384436165,45.2179584653975
9,Aix-Marseille,Lille,6,5.78670262752716,44.1013135062133,2.71910196137459,50.4732285471601
10,Aix-Marseille,Limoges,1,5.78670262752716,44.1013135062133,1.71459834990143,45.7724788125689
11,Aix-Marseille,Lyon,25,5.78670262752716,44.1013135062133,4.77038191181417,45.9175837287451
12,Aix-Marseille,Montpellier,32,5.78670262752716,44.1013135062133,3.21486198068568,43.5889298889666
13,Aix-Marseille,Nancy-Metz,9,5.78670262752716,44.1013135062133,6.1447181746994,48.7604596498813
14,Aix-Marseille,Nantes,14,5.78670262752716,44.1013135062133,-0.825644414028282,47.4739605746502
15,Aix-Marseille,Nice,26,5.78670262752716,44.1013135062133,6.60517617833992,43.6486614032651
16,Aix-Marseille,Orléans-Tours,2,5.78670262752716,44.1013135062133,2.3428816623942,48.8566275248383
17,Aix-Marseille,Paris,50,5.78670262752716,44.1013135062133,-0.0836192910729779,46.1596359234449
18,Aix-Marseille,Poitiers,7,5.78670262752716,44.1013135062133,4.54445314105218,48.7305365806798
19,Aix-Marseille,Rennes,9,5.78670262752716,44.1013135062133,1.0110504072641,49.3904811022459
20,Aix-Marseille,Rouen,2,5.78670262752716,44.1013135062133,7.43272506395103,48.3264262603572
21,Aix-Marseille,Strasbourg,19,5.78670262752716,44.1013135062133,1.47912801963556,43.7662580305371
22,Aix-Marseille,Toulouse,20,5.78670262752716,44.1013135062133,2.05145311561618,48.780774599836
23,Aix-Marseille,Versailles,34,5.78670262752716,44.1013135062133,1.68534458610065,47.4804747645919
24,Amiens,Aix-Marseille,3,2.80988336305548,49.6427828856657,5.78670262752716,44.1013135062133
25,Amiens,Amiens,34,2.80988336305548,49.6427828856657,2.80988336305548,49.6427828856657
26,Amiens,Besançon,2,2.80988336305548,49.6427828856657,6.08505867651095,47.2052520408286
27,Amiens,Bordeaux,4,2.80988336305548,49.6427828856657,-0.237254828250716,44.3490665017138
28,Amiens,Caen,3,2.80988336305548,49.6427828856657,-1.16078801480811,49.0701835878103
29,Amiens,Créteil,4,2.80988336305548,49.6427828856657,2.89911093403961,48.6431535988442
30,Amiens,Dijon,2,2.80988336305548,49.6427828856657,4.1535164667448,47.2450441075065
31,Amiens,Lille,5,2.80988336305548,49.6427828856657,2.71910196137459,50.4732285471601
32,Amiens,Limoges,1,2.80988336305548,49.6427828856657,1.71459834990143,45.7724788125689
33,Amiens,Lyon,7,2.80988336305548,49.6427828856657,4.77038191181417,45.9175837287451
34,Amiens,Montpellier,2,2.80988336305548,49.6427828856657,3.21486198068568,43.5889298889666
35,Amiens,Nancy-Metz,5,2.80988336305548,49.6427828856657,6.1447181746994,48.7604596498813
36,Amiens,Nantes,5,2.80988336305548,49.6427828856657,-0.825644414028282,47.4739605746502
37,Amiens,Nice,3,2.80988336305548,49.6427828856657,6.60517617833992,43.6486614032651
38,Amiens,Orléans-Tours,1,2.80988336305548,49.6427828856657,2.3428816623942,48.8566275248383
39,Amiens,Paris,14,2.80988336305548,49.6427828856657,-0.0836192910729779,46.1596359234449
40,Amiens,Poitiers,2,2.80988336305548,49.6427828856657,4.54445314105218,48.7305365806798
41,Amiens,Reims,4,2.80988336305548,49.6427828856657,-2.84094202262397,48.1795679827606
42,Amiens,Rennes,3,2.80988336305548,49.6427828856657,1.0110504072641,49.3904811022459
43,Amiens,Rouen,1,2.80988336305548,49.6427828856657,7.43272506395103,48.3264262603572
44,Amiens,Strasbourg,3,2.80988336305548,49.6427828856657,1.47912801963556,43.7662580305371
45,Amiens,Toulouse,5,2.80988336305548,49.6427828856657,2.05145311561618,48.780774599836
46,Amiens,Versailles,11,2.80988336305548,49.6427828856657,1.68534458610065,47.4804747645919
47,Besançon,Aix-Marseille,3,6.08505867651095,47.2052520408286,5.78670262752716,44.1013135062133
48,Besançon,Besançon,25,6.08505867651095,47.2052520408286,6.08505867651095,47.2052520408286
49,Besançon,Bordeaux,5,6.08505867651095,47.2052520408286,-0.237254828250716,44.3490665017138
50,Besançon,Caen,1,6.08505867651095,47.2052520408286,-1.16078801480811,49.0701835878103
51,Besançon,Clermont-Ferrand,3,6.08505867651095,47.2052520408286,3.17719123835589,45.6515024165177
52,Besançon,Créteil,2,6.08505867651095,47.2052520408286,2.89911093403961,48.6431535988442
53,Besançon,Dijon,8,6.08505867651095,47.2052520408286,4.1535164667448,47.2450441075065
54,Besançon,Grenoble,3,6.08505867651095,47.2052520408286,5.5867384436165,45.2179584653975
55,Besançon,Lille,6,6.08505867651095,47.2052520408286,2.71910196137459,50.4732285471601
56,Besançon,Limoges,2,6.08505867651095,47.2052520408286,1.71459834990143,45.7724788125689
57,Besançon,Lyon,6,6.08505867651095,47.2052520408286,4.77038191181417,45.9175837287451
58,Besançon,Montpellier,5,6.08505867651095,47.2052520408286,3.21486198068568,43.5889298889666
59,Besançon,Nancy-Metz,4,6.08505867651095,47.2052520408286,6.1447181746994,48.7604596498813
60,Besançon,Nantes,1,6.08505867651095,47.2052520408286,-0.825644414028282,47.4739605746502
61,Besançon,Orléans-Tours,2,6.08505867651095,47.2052520408286,2.3428816623942,48.8566275248383
62,Besançon,Paris,5,6.08505867651095,47.2052520408286,-0.0836192910729779,46.1596359234449
63,Besançon,Reims,1,6.08505867651095,47.2052520408286,-2.84094202262397,48.1795679827606
64,Besançon,Rennes,8,6.08505867651095,47.2052520408286,1.0110504072641,49.3904811022459
65,Besançon,Strasbourg,7,6.08505867651095,47.2052520408286,1.47912801963556,43.7662580305371
66,Besançon,Toulouse,4,6.08505867651095,47.2052520408286,2.05145311561618,48.780774599836
67,Besançon,Versailles,8,6.08505867651095,47.2052520408286,1.68534458610065,47.4804747645919
68,Bordeaux,Aix-Marseille,11,-0.237254828250716,44.3490665017138,5.78670262752716,44.1013135062133
69,Bordeaux,Amiens,4,-0.237254828250716,44.3490665017138,2.80988336305548,49.6427828856657
70,Bordeaux,Besançon,1,-0.237254828250716,44.3490665017138,6.08505867651095,47.2052520408286
71,Bordeaux,Bordeaux,219,-0.237254828250716,44.3490665017138,-0.237254828250716,44.3490665017138
72,Bordeaux,Caen,5,-0.237254828250716,44.3490665017138,-1.16078801480811,49.0701835878103
73,Bordeaux,Clermont-Ferrand,6,-0.237254828250716,44.3490665017138,3.17719123835589,45.6515024165177
74,Bordeaux,Créteil,7,-0.237254828250716,44.3490665017138,2.89911093403961,48.6431535988442
75,Bordeaux,Dijon,4,-0.237254828250716,44.3490665017138,4.1535164667448,47.2450441075065
76,Bordeaux,Lille,5,-0.237254828250716,44.3490665017138,2.71910196137459,50.4732285471601
77,Bordeaux,Limoges,3,-0.237254828250716,44.3490665017138,1.71459834990143,45.7724788125689
78,Bordeaux,Lyon,15,-0.237254828250716,44.3490665017138,4.77038191181417,45.9175837287451
79,Bordeaux,Montpellier,16,-0.237254828250716,44.3490665017138,3.21486198068568,43.5889298889666
80,Bordeaux,Nancy-Metz,7,-0.237254828250716,44.3490665017138,6.1447181746994,48.7604596498813
81,Bordeaux,Nantes,6,-0.237254828250716,44.3490665017138,-0.825644414028282,47.4739605746502
82,Bordeaux,Nice,4,-0.237254828250716,44.3490665017138,6.60517617833992,43.6486614032651
83,Bordeaux,Orléans-Tours,1,-0.237254828250716,44.3490665017138,2.3428816623942,48.8566275248383
84,Bordeaux,Paris,25,-0.237254828250716,44.3490665017138,-0.0836192910729779,46.1596359234449
85,Bordeaux,Poitiers,2,-0.237254828250716,44.3490665017138,4.54445314105218,48.7305365806798
86,Bordeaux,Reims,1,-0.237254828250716,44.3490665017138,-2.84094202262397,48.1795679827606
87,Bordeaux,Rennes,11,-0.237254828250716,44.3490665017138,1.0110504072641,49.3904811022459
88,Bordeaux,Rouen,1,-0.237254828250716,44.3490665017138,7.43272506395103,48.3264262603572
89,Bordeaux,Strasbourg,12,-0.237254828250716,44.3490665017138,1.47912801963556,43.7662580305371
90,Bordeaux,Toulouse,12,-0.237254828250716,44.3490665017138,2.05145311561618,48.780774599836
91,Bordeaux,Versailles,11,-0.237254828250716,44.3490665017138,1.68534458610065,47.4804747645919
92,Caen,Aix-Marseille,4,-1.16078801480811,49.0701835878103,5.78670262752716,44.1013135062133
93,Caen,Bordeaux,3,-1.16078801480811,49.0701835878103,-0.237254828250716,44.3490665017138
94,Caen,Caen,46,-1.16078801480811,49.0701835878103,-1.16078801480811,49.0701835878103
95,Caen,Clermont-Ferrand,1,-1.16078801480811,49.0701835878103,3.17719123835589,45.6515024165177
96,Caen,Créteil,4,-1.16078801480811,49.0701835878103,2.89911093403961,48.6431535988442
97,Caen,Dijon,1,-1.16078801480811,49.0701835878103,4.1535164667448,47.2450441075065
98,Caen,Lyon,2,-1.16078801480811,49.0701835878103,4.77038191181417,45.9175837287451
99,Caen,Montpellier,2,-1.16078801480811,49.0701835878103,3.21486198068568,43.5889298889666
100,Caen,Nancy-Metz,5,-1.16078801480811,49.0701835878103,6.1447181746994,48.7604596498813
101,Caen,Nantes,6,-1.16078801480811,49.0701835878103,-0.825644414028282,47.4739605746502
102,Caen,Orléans-Tours,4,-1.16078801480811,49.0701835878103,2.3428816623942,48.8566275248383
103,Caen,Paris,11,-1.16078801480811,49.0701835878103,-0.0836192910729779,46.1596359234449
104,Caen,Poitiers,1,-1.16078801480811,49.0701835878103,4.54445314105218,48.7305365806798
105,Caen,Rennes,9,-1.16078801480811,49.0701835878103,1.0110504072641,49.3904811022459
106,Caen,Rouen,6,-1.16078801480811,49.0701835878103,7.43272506395103,48.3264262603572
107,Caen,Strasbourg,4,-1.16078801480811,49.0701835878103,1.47912801963556,43.7662580305371
108,Caen,Toulouse,3,-1.16078801480811,49.0701835878103,2.05145311561618,48.780774599836
109,Caen,Versailles,12,-1.16078801480811,49.0701835878103,1.68534458610065,47.4804747645919
110,Clermont-Ferrand,Aix-Marseille,3,3.17719123835589,45.6515024165177,5.78670262752716,44.1013135062133
111,Clermont-Ferrand,Amiens,1,3.17719123835589,45.6515024165177,2.80988336305548,49.6427828856657
112,Clermont-Ferrand,Besançon,2,3.17719123835589,45.6515024165177,6.08505867651095,47.2052520408286
113,Clermont-Ferrand,Bordeaux,5,3.17719123835589,45.6515024165177,-0.237254828250716,44.3490665017138
114,Clermont-Ferrand,Caen,3,3.17719123835589,45.6515024165177,-1.16078801480811,49.0701835878103
115,Clermont-Ferrand,Clermont-Ferrand,73,3.17719123835589,45.6515024165177,3.17719123835589,45.6515024165177
116,Clermont-Ferrand,Créteil,4,3.17719123835589,45.6515024165177,2.89911093403961,48.6431535988442
117,Clermont-Ferrand,Dijon,3,3.17719123835589,45.6515024165177,4.1535164667448,47.2450441075065
118,Clermont-Ferrand,Grenoble,2,3.17719123835589,45.6515024165177,5.5867384436165,45.2179584653975
119,Clermont-Ferrand,Lille,4,3.17719123835589,45.6515024165177,2.71910196137459,50.4732285471601
120,Clermont-Ferrand,Limoges,1,3.17719123835589,45.6515024165177,1.71459834990143,45.7724788125689
121,Clermont-Ferrand,Lyon,10,3.17719123835589,45.6515024165177,4.77038191181417,45.9175837287451
122,Clermont-Ferrand,Montpellier,7,3.17719123835589,45.6515024165177,3.21486198068568,43.5889298889666
123,Clermont-Ferrand,Nancy-Metz,1,3.17719123835589,45.6515024165177,6.1447181746994,48.7604596498813
124,Clermont-Ferrand,Nantes,4,3.17719123835589,45.6515024165177,-0.825644414028282,47.4739605746502
125,Clermont-Ferrand,Nice,4,3.17719123835589,45.6515024165177,6.60517617833992,43.6486614032651
126,Clermont-Ferrand,Orléans-Tours,2,3.17719123835589,45.6515024165177,2.3428816623942,48.8566275248383
127,Clermont-Ferrand,Paris,10,3.17719123835589,45.6515024165177,-0.0836192910729779,46.1596359234449
128,Clermont-Ferrand,Poitiers,2,3.17719123835589,45.6515024165177,4.54445314105218,48.7305365806798
129,Clermont-Ferrand,Rennes,2,3.17719123835589,45.6515024165177,1.0110504072641,49.3904811022459
130,Clermont-Ferrand,Rouen,2,3.17719123835589,45.6515024165177,7.43272506395103,48.3264262603572
131,Clermont-Ferrand,Strasbourg,7,3.17719123835589,45.6515024165177,1.47912801963556,43.7662580305371
132,Clermont-Ferrand,Toulouse,2,3.17719123835589,45.6515024165177,2.05145311561618,48.780774599836
133,Clermont-Ferrand,Versailles,13,3.17719123835589,45.6515024165177,1.68534458610065,47.4804747645919
134,Créteil,Aix-Marseille,8,2.89911093403961,48.6431535988442,5.78670262752716,44.1013135062133
135,Créteil,Amiens,2,2.89911093403961,48.6431535988442,2.80988336305548,49.6427828856657
136,Créteil,Bordeaux,12,2.89911093403961,48.6431535988442,-0.237254828250716,44.3490665017138
137,Créteil,Caen,1,2.89911093403961,48.6431535988442,-1.16078801480811,49.0701835878103
138,Créteil,Clermont-Ferrand,4,2.89911093403961,48.6431535988442,3.17719123835589,45.6515024165177
139,Créteil,Créteil,95,2.89911093403961,48.6431535988442,2.89911093403961,48.6431535988442
140,Créteil,Dijon,1,2.89911093403961,48.6431535988442,4.1535164667448,47.2450441075065
141,Créteil,Grenoble,4,2.89911093403961,48.6431535988442,5.5867384436165,45.2179584653975
142,Créteil,Lille,6,2.89911093403961,48.6431535988442,2.71910196137459,50.4732285471601
143,Créteil,Limoges,1,2.89911093403961,48.6431535988442,1.71459834990143,45.7724788125689
144,Créteil,Lyon,15,2.89911093403961,48.6431535988442,4.77038191181417,45.9175837287451
145,Créteil,Montpellier,10,2.89911093403961,48.6431535988442,3.21486198068568,43.5889298889666
146,Créteil,Nancy-Metz,7,2.89911093403961,48.6431535988442,6.1447181746994,48.7604596498813
147,Créteil,Nantes,7,2.89911093403961,48.6431535988442,-0.825644414028282,47.4739605746502
148,Créteil,Nice,2,2.89911093403961,48.6431535988442,6.60517617833992,43.6486614032651
149,Créteil,Orléans-Tours,6,2.89911093403961,48.6431535988442,2.3428816623942,48.8566275248383
150,Créteil,Paris,57,2.89911093403961,48.6431535988442,-0.0836192910729779,46.1596359234449
151,Créteil,Poitiers,2,2.89911093403961,48.6431535988442,4.54445314105218,48.7305365806798
152,Créteil,Rennes,9,2.89911093403961,48.6431535988442,1.0110504072641,49.3904811022459
153,Créteil,Rouen,4,2.89911093403961,48.6431535988442,7.43272506395103,48.3264262603572
154,Créteil,Strasbourg,9,2.89911093403961,48.6431535988442,1.47912801963556,43.7662580305371
155,Créteil,Toulouse,10,2.89911093403961,48.6431535988442,2.05145311561618,48.780774599836
156,Créteil,Versailles,39,2.89911093403961,48.6431535988442,1.68534458610065,47.4804747645919
157,Dijon,Aix-Marseille,3,4.1535164667448,47.2450441075065,5.78670262752716,44.1013135062133
158,Dijon,Amiens,1,4.1535164667448,47.2450441075065,2.80988336305548,49.6427828856657
159,Dijon,Besançon,5,4.1535164667448,47.2450441075065,6.08505867651095,47.2052520408286
160,Dijon,Bordeaux,3,4.1535164667448,47.2450441075065,-0.237254828250716,44.3490665017138
161,Dijon,Caen,2,4.1535164667448,47.2450441075065,-1.16078801480811,49.0701835878103
162,Dijon,Clermont-Ferrand,4,4.1535164667448,47.2450441075065,3.17719123835589,45.6515024165177
163,Dijon,Dijon,40,4.1535164667448,47.2450441075065,4.1535164667448,47.2450441075065
164,Dijon,Lille,3,4.1535164667448,47.2450441075065,2.71910196137459,50.4732285471601
165,Dijon,Lyon,8,4.1535164667448,47.2450441075065,4.77038191181417,45.9175837287451
166,Dijon,Montpellier,6,4.1535164667448,47.2450441075065,3.21486198068568,43.5889298889666
167,Dijon,Nancy-Metz,4,4.1535164667448,47.2450441075065,6.1447181746994,48.7604596498813
168,Dijon,Nantes,8,4.1535164667448,47.2450441075065,-0.825644414028282,47.4739605746502
169,Dijon,Nice,1,4.1535164667448,47.2450441075065,6.60517617833992,43.6486614032651
170,Dijon,Orléans-Tours,6,4.1535164667448,47.2450441075065,2.3428816623942,48.8566275248383
171,Dijon,Paris,12,4.1535164667448,47.2450441075065,-0.0836192910729779,46.1596359234449
172,Dijon,Poitiers,3,4.1535164667448,47.2450441075065,4.54445314105218,48.7305365806798
173,Dijon,Rennes,2,4.1535164667448,47.2450441075065,1.0110504072641,49.3904811022459
174,Dijon,Rouen,1,4.1535164667448,47.2450441075065,7.43272506395103,48.3264262603572
175,Dijon,Strasbourg,11,4.1535164667448,47.2450441075065,1.47912801963556,43.7662580305371
176,Dijon,Toulouse,6,4.1535164667448,47.2450441075065,2.05145311561618,48.780774599836
177,Dijon,Versailles,10,4.1535164667448,47.2450441075065,1.68534458610065,47.4804747645919
178,Grenoble,Aix-Marseille,6,5.5867384436165,45.2179584653975,5.78670262752716,44.1013135062133
179,Grenoble,Bordeaux,3,5.5867384436165,45.2179584653975,-0.237254828250716,44.3490665017138
180,Grenoble,Caen,2,5.5867384436165,45.2179584653975,-1.16078801480811,49.0701835878103
181,Grenoble,Clermont-Ferrand,4,5.5867384436165,45.2179584653975,3.17719123835589,45.6515024165177
182,Grenoble,Créteil,5,5.5867384436165,45.2179584653975,2.89911093403961,48.6431535988442
183,Grenoble,Dijon,2,5.5867384436165,45.2179584653975,4.1535164667448,47.2450441075065
184,Grenoble,Grenoble,31,5.5867384436165,45.2179584653975,5.5867384436165,45.2179584653975
185,Grenoble,Lille,6,5.5867384436165,45.2179584653975,2.71910196137459,50.4732285471601
186,Grenoble,Lyon,9,5.5867384436165,45.2179584653975,4.77038191181417,45.9175837287451
187,Grenoble,Montpellier,1,5.5867384436165,45.2179584653975,3.21486198068568,43.5889298889666
188,Grenoble,Nancy-Metz,3,5.5867384436165,45.2179584653975,6.1447181746994,48.7604596498813
189,Grenoble,Nantes,2,5.5867384436165,45.2179584653975,-0.825644414028282,47.4739605746502
190,Grenoble,Nice,3,5.5867384436165,45.2179584653975,6.60517617833992,43.6486614032651
191,Grenoble,Orléans-Tours,2,5.5867384436165,45.2179584653975,2.3428816623942,48.8566275248383
192,Grenoble,Paris,6,5.5867384436165,45.2179584653975,-0.0836192910729779,46.1596359234449
193,Grenoble,Rennes,3,5.5867384436165,45.2179584653975,1.0110504072641,49.3904811022459
194,Grenoble,Rouen,3,5.5867384436165,45.2179584653975,7.43272506395103,48.3264262603572
195,Grenoble,Strasbourg,9,5.5867384436165,45.2179584653975,1.47912801963556,43.7662580305371
196,Grenoble,Toulouse,3,5.5867384436165,45.2179584653975,2.05145311561618,48.780774599836
197,Grenoble,Versailles,5,5.5867384436165,45.2179584653975,1.68534458610065,47.4804747645919
198,Lille,Aix-Marseille,10,2.71910196137459,50.4732285471601,5.78670262752716,44.1013135062133
199,Lille,Amiens,7,2.71910196137459,50.4732285471601,2.80988336305548,49.6427828856657
200,Lille,Besançon,3,2.71910196137459,50.4732285471601,6.08505867651095,47.2052520408286
201,Lille,Bordeaux,13,2.71910196137459,50.4732285471601,-0.237254828250716,44.3490665017138
202,Lille,Caen,5,2.71910196137459,50.4732285471601,-1.16078801480811,49.0701835878103
203,Lille,Clermont-Ferrand,6,2.71910196137459,50.4732285471601,3.17719123835589,45.6515024165177
204,Lille,Créteil,7,2.71910196137459,50.4732285471601,2.89911093403961,48.6431535988442
205,Lille,Dijon,5,2.71910196137459,50.4732285471601,4.1535164667448,47.2450441075065
206,Lille,Grenoble,5,2.71910196137459,50.4732285471601,5.5867384436165,45.2179584653975
207,Lille,Lille,217,2.71910196137459,50.4732285471601,2.71910196137459,50.4732285471601
208,Lille,Lyon,12,2.71910196137459,50.4732285471601,4.77038191181417,45.9175837287451
209,Lille,Montpellier,13,2.71910196137459,50.4732285471601,3.21486198068568,43.5889298889666
210,Lille,Nancy-Metz,10,2.71910196137459,50.4732285471601,6.1447181746994,48.7604596498813
211,Lille,Nantes,11,2.71910196137459,50.4732285471601,-0.825644414028282,47.4739605746502
212,Lille,Nice,3,2.71910196137459,50.4732285471601,6.60517617833992,43.6486614032651
213,Lille,Orléans-Tours,7,2.71910196137459,50.4732285471601,2.3428816623942,48.8566275248383
214,Lille,Paris,31,2.71910196137459,50.4732285471601,-0.0836192910729779,46.1596359234449
215,Lille,Poitiers,2,2.71910196137459,50.4732285471601,4.54445314105218,48.7305365806798
216,Lille,Rennes,4,2.71910196137459,50.4732285471601,1.0110504072641,49.3904811022459
217,Lille,Rouen,5,2.71910196137459,50.4732285471601,7.43272506395103,48.3264262603572
218,Lille,Strasbourg,9,2.71910196137459,50.4732285471601,1.47912801963556,43.7662580305371
219,Lille,Toulouse,12,2.71910196137459,50.4732285471601,2.05145311561618,48.780774599836
220,Lille,Versailles,15,2.71910196137459,50.4732285471601,1.68534458610065,47.4804747645919
221,Limoges,Aix-Marseille,2,1.71459834990143,45.7724788125689,5.78670262752716,44.1013135062133
222,Limoges,Bordeaux,7,1.71459834990143,45.7724788125689,-0.237254828250716,44.3490665017138
223,Limoges,Clermont-Ferrand,1,1.71459834990143,45.7724788125689,3.17719123835589,45.6515024165177
224,Limoges,Créteil,1,1.71459834990143,45.7724788125689,2.89911093403961,48.6431535988442
225,Limoges,Lille,2,1.71459834990143,45.7724788125689,2.71910196137459,50.4732285471601
226,Limoges,Limoges,33,1.71459834990143,45.7724788125689,1.71459834990143,45.7724788125689
227,Limoges,Lyon,1,1.71459834990143,45.7724788125689,4.77038191181417,45.9175837287451
228,Limoges,Montpellier,2,1.71459834990143,45.7724788125689,3.21486198068568,43.5889298889666
229,Limoges,Nancy-Metz,2,1.71459834990143,45.7724788125689,6.1447181746994,48.7604596498813
230,Limoges,Nantes,2,1.71459834990143,45.7724788125689,-0.825644414028282,47.4739605746502
231,Limoges,Nice,3,1.71459834990143,45.7724788125689,6.60517617833992,43.6486614032651
232,Limoges,Paris,3,1.71459834990143,45.7724788125689,-0.0836192910729779,46.1596359234449
233,Limoges,Poitiers,3,1.71459834990143,45.7724788125689,4.54445314105218,48.7305365806798
234,Limoges,Rennes,1,1.71459834990143,45.7724788125689,1.0110504072641,49.3904811022459
235,Limoges,Toulouse,2,1.71459834990143,45.7724788125689,2.05145311561618,48.780774599836
236,Limoges,Versailles,2,1.71459834990143,45.7724788125689,1.68534458610065,47.4804747645919
237,Lyon,Aix-Marseille,21,4.77038191181417,45.9175837287451,5.78670262752716,44.1013135062133
238,Lyon,Amiens,5,4.77038191181417,45.9175837287451,2.80988336305548,49.6427828856657
239,Lyon,Besançon,6,4.77038191181417,45.9175837287451,6.08505867651095,47.2052520408286
240,Lyon,Bordeaux,19,4.77038191181417,45.9175837287451,-0.237254828250716,44.3490665017138
241,Lyon,Caen,6,4.77038191181417,45.9175837287451,-1.16078801480811,49.0701835878103
242,Lyon,Clermont-Ferrand,17,4.77038191181417,45.9175837287451,3.17719123835589,45.6515024165177
243,Lyon,Créteil,16,4.77038191181417,45.9175837287451,2.89911093403961,48.6431535988442
244,Lyon,Dijon,10,4.77038191181417,45.9175837287451,4.1535164667448,47.2450441075065
245,Lyon,Grenoble,7,4.77038191181417,45.9175837287451,5.5867384436165,45.2179584653975
246,Lyon,Lille,16,4.77038191181417,45.9175837287451,2.71910196137459,50.4732285471601
247,Lyon,Limoges,2,4.77038191181417,45.9175837287451,1.71459834990143,45.7724788125689
248,Lyon,Lyon,290,4.77038191181417,45.9175837287451,4.77038191181417,45.9175837287451
249,Lyon,Montpellier,20,4.77038191181417,45.9175837287451,3.21486198068568,43.5889298889666
250,Lyon,Nancy-Metz,15,4.77038191181417,45.9175837287451,6.1447181746994,48.7604596498813
251,Lyon,Nantes,18,4.77038191181417,45.9175837287451,-0.825644414028282,47.4739605746502
252,Lyon,Nice,7,4.77038191181417,45.9175837287451,6.60517617833992,43.6486614032651
253,Lyon,Orléans-Tours,10,4.77038191181417,45.9175837287451,2.3428816623942,48.8566275248383
254,Lyon,Paris,77,4.77038191181417,45.9175837287451,-0.0836192910729779,46.1596359234449
255,Lyon,Poitiers,5,4.77038191181417,45.9175837287451,4.54445314105218,48.7305365806798
256,Lyon,Rennes,11,4.77038191181417,45.9175837287451,1.0110504072641,49.3904811022459
257,Lyon,Rouen,2,4.77038191181417,45.9175837287451,7.43272506395103,48.3264262603572
258,Lyon,Strasbourg,135,4.77038191181417,45.9175837287451,1.47912801963556,43.7662580305371
259,Lyon,Toulouse,26,4.77038191181417,45.9175837287451,2.05145311561618,48.780774599836
260,Lyon,Versailles,39,4.77038191181417,45.9175837287451,1.68534458610065,47.4804747645919
261,Montpellier,Aix-Marseille,20,3.21486198068568,43.5889298889666,5.78670262752716,44.1013135062133
262,Montpellier,Amiens,2,3.21486198068568,43.5889298889666,2.80988336305548,49.6427828856657
263,Montpellier,Besançon,2,3.21486198068568,43.5889298889666,6.08505867651095,47.2052520408286
264,Montpellier,Bordeaux,17,3.21486198068568,43.5889298889666,-0.237254828250716,44.3490665017138
265,Montpellier,Caen,3,3.21486198068568,43.5889298889666,-1.16078801480811,49.0701835878103
266,Montpellier,Clermont-Ferrand,9,3.21486198068568,43.5889298889666,3.17719123835589,45.6515024165177
267,Montpellier,Créteil,4,3.21486198068568,43.5889298889666,2.89911093403961,48.6431535988442
268,Montpellier,Dijon,5,3.21486198068568,43.5889298889666,4.1535164667448,47.2450441075065
269,Montpellier,Grenoble,7,3.21486198068568,43.5889298889666,5.5867384436165,45.2179584653975
270,Montpellier,Lille,7,3.21486198068568,43.5889298889666,2.71910196137459,50.4732285471601
271,Montpellier,Lyon,17,3.21486198068568,43.5889298889666,4.77038191181417,45.9175837287451
272,Montpellier,Montpellier,228,3.21486198068568,43.5889298889666,3.21486198068568,43.5889298889666
273,Montpellier,Nancy-Metz,8,3.21486198068568,43.5889298889666,6.1447181746994,48.7604596498813
274,Montpellier,Nantes,11,3.21486198068568,43.5889298889666,-0.825644414028282,47.4739605746502
275,Montpellier,Nice,8,3.21486198068568,43.5889298889666,6.60517617833992,43.6486614032651
276,Montpellier,Orléans-Tours,9,3.21486198068568,43.5889298889666,2.3428816623942,48.8566275248383
277,Montpellier,Paris,43,3.21486198068568,43.5889298889666,-0.0836192910729779,46.1596359234449
278,Montpellier,Poitiers,4,3.21486198068568,43.5889298889666,4.54445314105218,48.7305365806798
279,Montpellier,Rennes,9,3.21486198068568,43.5889298889666,1.0110504072641,49.3904811022459
280,Montpellier,Rouen,6,3.21486198068568,43.5889298889666,7.43272506395103,48.3264262603572
281,Montpellier,Strasbourg,15,3.21486198068568,43.5889298889666,1.47912801963556,43.7662580305371
282,Montpellier,Toulouse,21,3.21486198068568,43.5889298889666,2.05145311561618,48.780774599836
283,Montpellier,Versailles,25,3.21486198068568,43.5889298889666,1.68534458610065,47.4804747645919
284,Nancy-Metz,Aix-Marseille,10,6.1447181746994,48.7604596498813,5.78670262752716,44.1013135062133
285,Nancy-Metz,Amiens,12,6.1447181746994,48.7604596498813,2.80988336305548,49.6427828856657
286,Nancy-Metz,Besançon,3,6.1447181746994,48.7604596498813,6.08505867651095,47.2052520408286
287,Nancy-Metz,Bordeaux,15,6.1447181746994,48.7604596498813,-0.237254828250716,44.3490665017138
288,Nancy-Metz,Caen,4,6.1447181746994,48.7604596498813,-1.16078801480811,49.0701835878103
289,Nancy-Metz,Clermont-Ferrand,2,6.1447181746994,48.7604596498813,3.17719123835589,45.6515024165177
290,Nancy-Metz,Créteil,12,6.1447181746994,48.7604596498813,2.89911093403961,48.6431535988442
291,Nancy-Metz,Dijon,7,6.1447181746994,48.7604596498813,4.1535164667448,47.2450441075065
292,Nancy-Metz,Grenoble,2,6.1447181746994,48.7604596498813,5.5867384436165,45.2179584653975
293,Nancy-Metz,Lille,9,6.1447181746994,48.7604596498813,2.71910196137459,50.4732285471601
294,Nancy-Metz,Limoges,2,6.1447181746994,48.7604596498813,1.71459834990143,45.7724788125689
295,Nancy-Metz,Lyon,11,6.1447181746994,48.7604596498813,4.77038191181417,45.9175837287451
296,Nancy-Metz,Montpellier,13,6.1447181746994,48.7604596498813,3.21486198068568,43.5889298889666
297,Nancy-Metz,Nancy-Metz,125,6.1447181746994,48.7604596498813,6.1447181746994,48.7604596498813
298,Nancy-Metz,Nantes,9,6.1447181746994,48.7604596498813,-0.825644414028282,47.4739605746502
299,Nancy-Metz,Nice,5,6.1447181746994,48.7604596498813,6.60517617833992,43.6486614032651
300,Nancy-Metz,Orléans-Tours,8,6.1447181746994,48.7604596498813,2.3428816623942,48.8566275248383
301,Nancy-Metz,Paris,39,6.1447181746994,48.7604596498813,-0.0836192910729779,46.1596359234449
302,Nancy-Metz,Poitiers,2,6.1447181746994,48.7604596498813,4.54445314105218,48.7305365806798
303,Nancy-Metz,Reims,2,6.1447181746994,48.7604596498813,-2.84094202262397,48.1795679827606
304,Nancy-Metz,Rennes,9,6.1447181746994,48.7604596498813,1.0110504072641,49.3904811022459
305,Nancy-Metz,Rouen,3,6.1447181746994,48.7604596498813,7.43272506395103,48.3264262603572
306,Nancy-Metz,Strasbourg,32,6.1447181746994,48.7604596498813,1.47912801963556,43.7662580305371
307,Nancy-Metz,Toulouse,11,6.1447181746994,48.7604596498813,2.05145311561618,48.780774599836
308,Nancy-Metz,Versailles,23,6.1447181746994,48.7604596498813,1.68534458610065,47.4804747645919
309,Nantes,Aix-Marseille,6,-0.825644414028282,47.4739605746502,5.78670262752716,44.1013135062133
310,Nantes,Amiens,1,-0.825644414028282,47.4739605746502,2.80988336305548,49.6427828856657
311,Nantes,Besançon,5,-0.825644414028282,47.4739605746502,6.08505867651095,47.2052520408286
312,Nantes,Bordeaux,12,-0.825644414028282,47.4739605746502,-0.237254828250716,44.3490665017138
313,Nantes,Caen,5,-0.825644414028282,47.4739605746502,-1.16078801480811,49.0701835878103
314,Nantes,Clermont-Ferrand,4,-0.825644414028282,47.4739605746502,3.17719123835589,45.6515024165177
315,Nantes,Créteil,4,-0.825644414028282,47.4739605746502,2.89911093403961,48.6431535988442
316,Nantes,Dijon,3,-0.825644414028282,47.4739605746502,4.1535164667448,47.2450441075065
317,Nantes,Lille,6,-0.825644414028282,47.4739605746502,2.71910196137459,50.4732285471601
318,Nantes,Limoges,2,-0.825644414028282,47.4739605746502,1.71459834990143,45.7724788125689
319,Nantes,Lyon,11,-0.825644414028282,47.4739605746502,4.77038191181417,45.9175837287451
320,Nantes,Montpellier,6,-0.825644414028282,47.4739605746502,3.21486198068568,43.5889298889666
321,Nantes,Nancy-Metz,6,-0.825644414028282,47.4739605746502,6.1447181746994,48.7604596498813
322,Nantes,Nantes,79,-0.825644414028282,47.4739605746502,-0.825644414028282,47.4739605746502
323,Nantes,Nice,4,-0.825644414028282,47.4739605746502,6.60517617833992,43.6486614032651
324,Nantes,Orléans-Tours,7,-0.825644414028282,47.4739605746502,2.3428816623942,48.8566275248383
325,Nantes,Paris,25,-0.825644414028282,47.4739605746502,-0.0836192910729779,46.1596359234449
326,Nantes,Poitiers,3,-0.825644414028282,47.4739605746502,4.54445314105218,48.7305365806798
327,Nantes,Rennes,9,-0.825644414028282,47.4739605746502,1.0110504072641,49.3904811022459
328,Nantes,Strasbourg,9,-0.825644414028282,47.4739605746502,1.47912801963556,43.7662580305371
329,Nantes,Toulouse,4,-0.825644414028282,47.4739605746502,2.05145311561618,48.780774599836
330,Nantes,Versailles,18,-0.825644414028282,47.4739605746502,1.68534458610065,47.4804747645919
331,Nice,Aix-Marseille,13,6.60517617833992,43.6486614032651,5.78670262752716,44.1013135062133
332,Nice,Amiens,1,6.60517617833992,43.6486614032651,2.80988336305548,49.6427828856657
333,Nice,Besançon,1,6.60517617833992,43.6486614032651,6.08505867651095,47.2052520408286
334,Nice,Bordeaux,5,6.60517617833992,43.6486614032651,-0.237254828250716,44.3490665017138
335,Nice,Caen,2,6.60517617833992,43.6486614032651,-1.16078801480811,49.0701835878103
336,Nice,Clermont-Ferrand,2,6.60517617833992,43.6486614032651,3.17719123835589,45.6515024165177
337,Nice,Créteil,4,6.60517617833992,43.6486614032651,2.89911093403961,48.6431535988442
338,Nice,Dijon,1,6.60517617833992,43.6486614032651,4.1535164667448,47.2450441075065
339,Nice,Grenoble,1,6.60517617833992,43.6486614032651,5.5867384436165,45.2179584653975
340,Nice,Lille,1,6.60517617833992,43.6486614032651,2.71910196137459,50.4732285471601
341,Nice,Lyon,5,6.60517617833992,43.6486614032651,4.77038191181417,45.9175837287451
342,Nice,Montpellier,8,6.60517617833992,43.6486614032651,3.21486198068568,43.5889298889666
343,Nice,Nancy-Metz,2,6.60517617833992,43.6486614032651,6.1447181746994,48.7604596498813
344,Nice,Nantes,3,6.60517617833992,43.6486614032651,-0.825644414028282,47.4739605746502
345,Nice,Nice,112,6.60517617833992,43.6486614032651,6.60517617833992,43.6486614032651
346,Nice,Orléans-Tours,2,6.60517617833992,43.6486614032651,2.3428816623942,48.8566275248383
347,Nice,Paris,16,6.60517617833992,43.6486614032651,-0.0836192910729779,46.1596359234449
348,Nice,Poitiers,1,6.60517617833992,43.6486614032651,4.54445314105218,48.7305365806798
349,Nice,Rennes,4,6.60517617833992,43.6486614032651,1.0110504072641,49.3904811022459
350,Nice,Rouen,1,6.60517617833992,43.6486614032651,7.43272506395103,48.3264262603572
351,Nice,Strasbourg,8,6.60517617833992,43.6486614032651,1.47912801963556,43.7662580305371
352,Nice,Toulouse,5,6.60517617833992,43.6486614032651,2.05145311561618,48.780774599836
353,Nice,Versailles,13,6.60517617833992,43.6486614032651,1.68534458610065,47.4804747645919
354,Orléans-Tours,Aix-Marseille,7,2.3428816623942,48.8566275248383,5.78670262752716,44.1013135062133
355,Orléans-Tours,Amiens,3,2.3428816623942,48.8566275248383,2.80988336305548,49.6427828856657
356,Orléans-Tours,Besançon,1,2.3428816623942,48.8566275248383,6.08505867651095,47.2052520408286
357,Orléans-Tours,Bordeaux,9,2.3428816623942,48.8566275248383,-0.237254828250716,44.3490665017138
358,Orléans-Tours,Caen,1,2.3428816623942,48.8566275248383,-1.16078801480811,49.0701835878103
359,Orléans-Tours,Clermont-Ferrand,1,2.3428816623942,48.8566275248383,3.17719123835589,45.6515024165177
360,Orléans-Tours,Créteil,5,2.3428816623942,48.8566275248383,2.89911093403961,48.6431535988442
361,Orléans-Tours,Grenoble,2,2.3428816623942,48.8566275248383,5.5867384436165,45.2179584653975
362,Orléans-Tours,Lille,6,2.3428816623942,48.8566275248383,2.71910196137459,50.4732285471601
363,Orléans-Tours,Limoges,1,2.3428816623942,48.8566275248383,1.71459834990143,45.7724788125689
364,Orléans-Tours,Lyon,4,2.3428816623942,48.8566275248383,4.77038191181417,45.9175837287451
365,Orléans-Tours,Montpellier,8,2.3428816623942,48.8566275248383,3.21486198068568,43.5889298889666
366,Orléans-Tours,Nancy-Metz,4,2.3428816623942,48.8566275248383,6.1447181746994,48.7604596498813
367,Orléans-Tours,Nantes,6,2.3428816623942,48.8566275248383,-0.825644414028282,47.4739605746502
368,Orléans-Tours,Nice,2,2.3428816623942,48.8566275248383,6.60517617833992,43.6486614032651
369,Orléans-Tours,Orléans-Tours,53,2.3428816623942,48.8566275248383,2.3428816623942,48.8566275248383
370,Orléans-Tours,Paris,11,2.3428816623942,48.8566275248383,-0.0836192910729779,46.1596359234449
371,Orléans-Tours,Poitiers,4,2.3428816623942,48.8566275248383,4.54445314105218,48.7305365806798
372,Orléans-Tours,Rennes,6,2.3428816623942,48.8566275248383,1.0110504072641,49.3904811022459
373,Orléans-Tours,Rouen,2,2.3428816623942,48.8566275248383,7.43272506395103,48.3264262603572
374,Orléans-Tours,Strasbourg,2,2.3428816623942,48.8566275248383,1.47912801963556,43.7662580305371
375,Orléans-Tours,Toulouse,7,2.3428816623942,48.8566275248383,2.05145311561618,48.780774599836
376,Orléans-Tours,Versailles,15,2.3428816623942,48.8566275248383,1.68534458610065,47.4804747645919
377,Paris,Aix-Marseille,102,-0.0836192910729779,46.1596359234449,5.78670262752716,44.1013135062133
378,Paris,Amiens,37,-0.0836192910729779,46.1596359234449,2.80988336305548,49.6427828856657
379,Paris,Besançon,21,-0.0836192910729779,46.1596359234449,6.08505867651095,47.2052520408286
380,Paris,Bordeaux,101,-0.0836192910729779,46.1596359234449,-0.237254828250716,44.3490665017138
381,Paris,Caen,27,-0.0836192910729779,46.1596359234449,-1.16078801480811,49.0701835878103
382,Paris,Clermont-Ferrand,37,-0.0836192910729779,46.1596359234449,3.17719123835589,45.6515024165177
383,Paris,Créteil,169,-0.0836192910729779,46.1596359234449,2.89911093403961,48.6431535988442
384,Paris,Dijon,41,-0.0836192910729779,46.1596359234449,4.1535164667448,47.2450441075065
385,Paris,Grenoble,25,-0.0836192910729779,46.1596359234449,5.5867384436165,45.2179584653975
386,Paris,Lille,100,-0.0836192910729779,46.1596359234449,2.71910196137459,50.4732285471601
387,Paris,Limoges,10,-0.0836192910729779,46.1596359234449,1.71459834990143,45.7724788125689
388,Paris,Lyon,125,-0.0836192910729779,46.1596359234449,4.77038191181417,45.9175837287451
389,Paris,Montpellier,107,-0.0836192910729779,46.1596359234449,3.21486198068568,43.5889298889666
390,Paris,Nancy-Metz,69,-0.0836192910729779,46.1596359234449,6.1447181746994,48.7604596498813
391,Paris,Nantes,81,-0.0836192910729779,46.1596359234449,-0.825644414028282,47.4739605746502
392,Paris,Nice,43,-0.0836192910729779,46.1596359234449,6.60517617833992,43.6486614032651
393,Paris,Orléans-Tours,68,-0.0836192910729779,46.1596359234449,2.3428816623942,48.8566275248383
394,Paris,Paris,970,-0.0836192910729779,46.1596359234449,-0.0836192910729779,46.1596359234449
395,Paris,Poitiers,29,-0.0836192910729779,46.1596359234449,4.54445314105218,48.7305365806798
396,Paris,Reims,4,-0.0836192910729779,46.1596359234449,-2.84094202262397,48.1795679827606
397,Paris,Rennes,105,-0.0836192910729779,46.1596359234449,1.0110504072641,49.3904811022459
398,Paris,Rouen,51,-0.0836192910729779,46.1596359234449,7.43272506395103,48.3264262603572
399,Paris,Strasbourg,137,-0.0836192910729779,46.1596359234449,1.47912801963556,43.7662580305371
400,Paris,Toulouse,85,-0.0836192910729779,46.1596359234449,2.05145311561618,48.780774599836
401,Paris,Versailles,397,-0.0836192910729779,46.1596359234449,1.68534458610065,47.4804747645919
402,Poitiers,Bordeaux,6,4.54445314105218,48.7305365806798,-0.237254828250716,44.3490665017138
403,Poitiers,Caen,1,4.54445314105218,48.7305365806798,-1.16078801480811,49.0701835878103
404,Poitiers,Créteil,4,4.54445314105218,48.7305365806798,2.89911093403961,48.6431535988442
405,Poitiers,Lille,4,4.54445314105218,48.7305365806798,2.71910196137459,50.4732285471601
406,Poitiers,Lyon,5,4.54445314105218,48.7305365806798,4.77038191181417,45.9175837287451
407,Poitiers,Montpellier,2,4.54445314105218,48.7305365806798,3.21486198068568,43.5889298889666
408,Poitiers,Nancy-Metz,3,4.54445314105218,48.7305365806798,6.1447181746994,48.7604596498813
409,Poitiers,Nantes,8,4.54445314105218,48.7305365806798,-0.825644414028282,47.4739605746502
410,Poitiers,Nice,4,4.54445314105218,48.7305365806798,6.60517617833992,43.6486614032651
411,Poitiers,Orléans-Tours,4,4.54445314105218,48.7305365806798,2.3428816623942,48.8566275248383
412,Poitiers,Paris,18,4.54445314105218,48.7305365806798,-0.0836192910729779,46.1596359234449
413,Poitiers,Poitiers,27,4.54445314105218,48.7305365806798,4.54445314105218,48.7305365806798
414,Poitiers,Rennes,4,4.54445314105218,48.7305365806798,1.0110504072641,49.3904811022459
415,Poitiers,Strasbourg,4,4.54445314105218,48.7305365806798,1.47912801963556,43.7662580305371
416,Poitiers,Toulouse,4,4.54445314105218,48.7305365806798,2.05145311561618,48.780774599836
417,Poitiers,Versailles,6,4.54445314105218,48.7305365806798,1.68534458610065,47.4804747645919
418,Reims,Paris,1,-2.84094202262397,48.1795679827606,-0.0836192910729779,46.1596359234449
419,Reims,Reims,1,-2.84094202262397,48.1795679827606,-2.84094202262397,48.1795679827606
420,Rennes,Aix-Marseille,7,1.0110504072641,49.3904811022459,5.78670262752716,44.1013135062133
421,Rennes,Amiens,2,1.0110504072641,49.3904811022459,2.80988336305548,49.6427828856657
422,Rennes,Bordeaux,8,1.0110504072641,49.3904811022459,-0.237254828250716,44.3490665017138
423,Rennes,Caen,12,1.0110504072641,49.3904811022459,-1.16078801480811,49.0701835878103
424,Rennes,Clermont-Ferrand,3,1.0110504072641,49.3904811022459,3.17719123835589,45.6515024165177
425,Rennes,Créteil,8,1.0110504072641,49.3904811022459,2.89911093403961,48.6431535988442
426,Rennes,Dijon,1,1.0110504072641,49.3904811022459,4.1535164667448,47.2450441075065
427,Rennes,Grenoble,1,1.0110504072641,49.3904811022459,5.5867384436165,45.2179584653975
428,Rennes,Lille,6,1.0110504072641,49.3904811022459,2.71910196137459,50.4732285471601
429,Rennes,Limoges,1,1.0110504072641,49.3904811022459,1.71459834990143,45.7724788125689
430,Rennes,Lyon,11,1.0110504072641,49.3904811022459,4.77038191181417,45.9175837287451
431,Rennes,Montpellier,10,1.0110504072641,49.3904811022459,3.21486198068568,43.5889298889666
432,Rennes,Nancy-Metz,6,1.0110504072641,49.3904811022459,6.1447181746994,48.7604596498813
433,Rennes,Nantes,12,1.0110504072641,49.3904811022459,-0.825644414028282,47.4739605746502
434,Rennes,Nice,2,1.0110504072641,49.3904811022459,6.60517617833992,43.6486614032651
435,Rennes,Orléans-Tours,3,1.0110504072641,49.3904811022459,2.3428816623942,48.8566275248383
436,Rennes,Paris,27,1.0110504072641,49.3904811022459,-0.0836192910729779,46.1596359234449
437,Rennes,Poitiers,2,1.0110504072641,49.3904811022459,4.54445314105218,48.7305365806798
438,Rennes,Rennes,113,1.0110504072641,49.3904811022459,1.0110504072641,49.3904811022459
439,Rennes,Rouen,2,1.0110504072641,49.3904811022459,7.43272506395103,48.3264262603572
440,Rennes,Strasbourg,6,1.0110504072641,49.3904811022459,1.47912801963556,43.7662580305371
441,Rennes,Toulouse,6,1.0110504072641,49.3904811022459,2.05145311561618,48.780774599836
442,Rennes,Versailles,28,1.0110504072641,49.3904811022459,1.68534458610065,47.4804747645919
443,Rouen,Amiens,3,7.43272506395103,48.3264262603572,2.80988336305548,49.6427828856657
444,Rouen,Bordeaux,4,7.43272506395103,48.3264262603572,-0.237254828250716,44.3490665017138
445,Rouen,Caen,3,7.43272506395103,48.3264262603572,-1.16078801480811,49.0701835878103
446,Rouen,Créteil,2,7.43272506395103,48.3264262603572,2.89911093403961,48.6431535988442
447,Rouen,Grenoble,1,7.43272506395103,48.3264262603572,5.5867384436165,45.2179584653975
448,Rouen,Lille,5,7.43272506395103,48.3264262603572,2.71910196137459,50.4732285471601
449,Rouen,Lyon,3,7.43272506395103,48.3264262603572,4.77038191181417,45.9175837287451
450,Rouen,Montpellier,1,7.43272506395103,48.3264262603572,3.21486198068568,43.5889298889666
451,Rouen,Nancy-Metz,1,7.43272506395103,48.3264262603572,6.1447181746994,48.7604596498813
452,Rouen,Nantes,1,7.43272506395103,48.3264262603572,-0.825644414028282,47.4739605746502
453,Rouen,Nice,2,7.43272506395103,48.3264262603572,6.60517617833992,43.6486614032651
454,Rouen,Paris,3,7.43272506395103,48.3264262603572,-0.0836192910729779,46.1596359234449
455,Rouen,Poitiers,1,7.43272506395103,48.3264262603572,4.54445314105218,48.7305365806798
456,Rouen,Rennes,1,7.43272506395103,48.3264262603572,1.0110504072641,49.3904811022459
457,Rouen,Rouen,38,7.43272506395103,48.3264262603572,7.43272506395103,48.3264262603572
458,Rouen,Strasbourg,4,7.43272506395103,48.3264262603572,1.47912801963556,43.7662580305371
459,Rouen,Versailles,4,7.43272506395103,48.3264262603572,1.68534458610065,47.4804747645919
460,Strasbourg,Aix-Marseille,21,1.47912801963556,43.7662580305371,5.78670262752716,44.1013135062133
461,Strasbourg,Amiens,6,1.47912801963556,43.7662580305371,2.80988336305548,49.6427828856657
462,Strasbourg,Besançon,7,1.47912801963556,43.7662580305371,6.08505867651095,47.2052520408286
463,Strasbourg,Bordeaux,9,1.47912801963556,43.7662580305371,-0.237254828250716,44.3490665017138
464,Strasbourg,Caen,1,1.47912801963556,43.7662580305371,-1.16078801480811,49.0701835878103
465,Strasbourg,Clermont-Ferrand,3,1.47912801963556,43.7662580305371,3.17719123835589,45.6515024165177
466,Strasbourg,Créteil,6,1.47912801963556,43.7662580305371,2.89911093403961,48.6431535988442
467,Strasbourg,Dijon,6,1.47912801963556,43.7662580305371,4.1535164667448,47.2450441075065
468,Strasbourg,Grenoble,4,1.47912801963556,43.7662580305371,5.5867384436165,45.2179584653975
469,Strasbourg,Lille,9,1.47912801963556,43.7662580305371,2.71910196137459,50.4732285471601
470,Strasbourg,Limoges,1,1.47912801963556,43.7662580305371,1.71459834990143,45.7724788125689
471,Strasbourg,Lyon,20,1.47912801963556,43.7662580305371,4.77038191181417,45.9175837287451
472,Strasbourg,Montpellier,21,1.47912801963556,43.7662580305371,3.21486198068568,43.5889298889666
473,Strasbourg,Nancy-Metz,20,1.47912801963556,43.7662580305371,6.1447181746994,48.7604596498813
474,Strasbourg,Nantes,6,1.47912801963556,43.7662580305371,-0.825644414028282,47.4739605746502
475,Strasbourg,Nice,10,1.47912801963556,43.7662580305371,6.60517617833992,43.6486614032651
476,Strasbourg,Orléans-Tours,2,1.47912801963556,43.7662580305371,2.3428816623942,48.8566275248383
477,Strasbourg,Paris,30,1.47912801963556,43.7662580305371,-0.0836192910729779,46.1596359234449
478,Strasbourg,Poitiers,6,1.47912801963556,43.7662580305371,4.54445314105218,48.7305365806798
479,Strasbourg,Rennes,3,1.47912801963556,43.7662580305371,1.0110504072641,49.3904811022459
480,Strasbourg,Rouen,2,1.47912801963556,43.7662580305371,7.43272506395103,48.3264262603572
481,Strasbourg,Strasbourg,145,1.47912801963556,43.7662580305371,1.47912801963556,43.7662580305371
482,Strasbourg,Toulouse,10,1.47912801963556,43.7662580305371,2.05145311561618,48.780774599836
483,Strasbourg,Versailles,26,1.47912801963556,43.7662580305371,1.68534458610065,47.4804747645919
484,Toulouse,Aix-Marseille,29,2.05145311561618,48.780774599836,5.78670262752716,44.1013135062133
485,Toulouse,Amiens,5,2.05145311561618,48.780774599836,2.80988336305548,49.6427828856657
486,Toulouse,Besançon,4,2.05145311561618,48.780774599836,6.08505867651095,47.2052520408286
487,Toulouse,Bordeaux,36,2.05145311561618,48.780774599836,-0.237254828250716,44.3490665017138
488,Toulouse,Caen,1,2.05145311561618,48.780774599836,-1.16078801480811,49.0701835878103
489,Toulouse,Clermont-Ferrand,8,2.05145311561618,48.780774599836,3.17719123835589,45.6515024165177
490,Toulouse,Créteil,11,2.05145311561618,48.780774599836,2.89911093403961,48.6431535988442
491,Toulouse,Dijon,8,2.05145311561618,48.780774599836,4.1535164667448,47.2450441075065
492,Toulouse,Grenoble,4,2.05145311561618,48.780774599836,5.5867384436165,45.2179584653975
493,Toulouse,Lille,15,2.05145311561618,48.780774599836,2.71910196137459,50.4732285471601
494,Toulouse,Limoges,3,2.05145311561618,48.780774599836,1.71459834990143,45.7724788125689
495,Toulouse,Lyon,20,2.05145311561618,48.780774599836,4.77038191181417,45.9175837287451
496,Toulouse,Montpellier,30,2.05145311561618,48.780774599836,3.21486198068568,43.5889298889666
497,Toulouse,Nancy-Metz,11,2.05145311561618,48.780774599836,6.1447181746994,48.7604596498813
498,Toulouse,Nantes,10,2.05145311561618,48.780774599836,-0.825644414028282,47.4739605746502
499,Toulouse,Nice,10,2.05145311561618,48.780774599836,6.60517617833992,43.6486614032651
500,Toulouse,Orléans-Tours,7,2.05145311561618,48.780774599836,2.3428816623942,48.8566275248383
501,Toulouse,Paris,29,2.05145311561618,48.780774599836,-0.0836192910729779,46.1596359234449
502,Toulouse,Poitiers,8,2.05145311561618,48.780774599836,4.54445314105218,48.7305365806798
503,Toulouse,Reims,1,2.05145311561618,48.780774599836,-2.84094202262397,48.1795679827606
504,Toulouse,Rennes,13,2.05145311561618,48.780774599836,1.0110504072641,49.3904811022459
505,Toulouse,Rouen,4,2.05145311561618,48.780774599836,7.43272506395103,48.3264262603572
506,Toulouse,Strasbourg,21,2.05145311561618,48.780774599836,1.47912801963556,43.7662580305371
507,Toulouse,Toulouse,268,2.05145311561618,48.780774599836,2.05145311561618,48.780774599836
508,Toulouse,Versailles,33,2.05145311561618,48.780774599836,1.68534458610065,47.4804747645919
509,Versailles,Aix-Marseille,34,1.68534458610065,47.4804747645919,5.78670262752716,44.1013135062133
510,Versailles,Amiens,15,1.68534458610065,47.4804747645919,2.80988336305548,49.6427828856657
511,Versailles,Besançon,6,1.68534458610065,47.4804747645919,6.08505867651095,47.2052520408286
512,Versailles,Bordeaux,27,1.68534458610065,47.4804747645919,-0.237254828250716,44.3490665017138
513,Versailles,Caen,6,1.68534458610065,47.4804747645919,-1.16078801480811,49.0701835878103
514,Versailles,Clermont-Ferrand,16,1.68534458610065,47.4804747645919,3.17719123835589,45.6515024165177
515,Versailles,Créteil,46,1.68534458610065,47.4804747645919,2.89911093403961,48.6431535988442
516,Versailles,Dijon,7,1.68534458610065,47.4804747645919,4.1535164667448,47.2450441075065
517,Versailles,Grenoble,8,1.68534458610065,47.4804747645919,5.5867384436165,45.2179584653975
518,Versailles,Lille,32,1.68534458610065,47.4804747645919,2.71910196137459,50.4732285471601
519,Versailles,Limoges,7,1.68534458610065,47.4804747645919,1.71459834990143,45.7724788125689
520,Versailles,Lyon,31,1.68534458610065,47.4804747645919,4.77038191181417,45.9175837287451
521,Versailles,Montpellier,46,1.68534458610065,47.4804747645919,3.21486198068568,43.5889298889666
522,Versailles,Nancy-Metz,24,1.68534458610065,47.4804747645919,6.1447181746994,48.7604596498813
523,Versailles,Nantes,26,1.68534458610065,47.4804747645919,-0.825644414028282,47.4739605746502
524,Versailles,Nice,18,1.68534458610065,47.4804747645919,6.60517617833992,43.6486614032651
525,Versailles,Orléans-Tours,18,1.68534458610065,47.4804747645919,2.3428816623942,48.8566275248383
526,Versailles,Paris,195,1.68534458610065,47.4804747645919,-0.0836192910729779,46.1596359234449
527,Versailles,Poitiers,5,1.68534458610065,47.4804747645919,4.54445314105218,48.7305365806798
528,Versailles,Reims,1,1.68534458610065,47.4804747645919,-2.84094202262397,48.1795679827606
529,Versailles,Rennes,20,1.68534458610065,47.4804747645919,1.0110504072641,49.3904811022459
530,Versailles,Rouen,11,1.68534458610065,47.4804747645919,7.43272506395103,48.3264262603572
531,Versailles,Strasbourg,36,1.68534458610065,47.4804747645919,1.47912801963556,43.7662580305371
532,Versailles,Toulouse,34,1.68534458610065,47.4804747645919,2.05145311561618,48.780774599836
533,Versailles,Versailles,392,1.68534458610065,47.4804747645919,1.68534458610065,47.4804747645919
